lat: exemplum	rel:etymological_origin_of	eng: example
eng: example	rel:etymology	lat: exemplum
lat: exemplum	rel:etymological_origin_of	fra: exemple
eng: example	rel:has_derived_form	eng: examples
eng: examples	rel:is_derived_from	eng: example
eng: example	rel:has_derived_form	eng: examples
eng: example	rel:etymological_origin_of	eng: examples
eng: examples	rel:etymology	eng: example
grc: παράδειγμα	rel:etymological_origin_of	eng: example
eng: example	rel:etymology	grc: παράδειγμα
deu: Quelle	rel:etymological_origin_of	fra: exemple
eng: examples	rel:has_derived_form	eng: example-set
eng: orphan	rel:derived	p_gem: synthetic-root
eng: cafe	rel:etymology	fra: café
fra: café	rel:has_derived_form	fra: cafés
eng: loop-a	rel:has_derived_form	deu: loop-b
deu: loop-b	rel:has_derived_form	eng: loop-a
deu: loop-b	rel:has_derived_form	eng: loop-leaf
eng: mirror	rel:has_derived_form	eng: mirror
eng: mirror	rel:has_derived_form	fra: reflet
eng: excluded	rel:etymologically_related	spa: fuera
eng: excluded	rel:variant:orthography	eng: excluded-alt
eng: excluded	rel:etymologically	spa: fuera
eng: mystery	rel:unknown	ita: mistero
eng: -ness	rel:has_derived_form	eng: kindness
eng: -ness	rel:has_derived_form	eng: darkness
eng: -ness	rel:has_derived_form	eng: plainness
eng: -ness	rel:has_derived_form	fra: synthetic-ness
eng: un-	rel:has_derived_form	eng: unkind
eng: un-	rel:has_derived_form	eng: unclear
eng: un-	rel:has_derived_form	eng: undone
eng: kind	rel:has_derived_form	eng: kindness
eng: kindness	rel:is_derived_from	eng: kind
eng: kind	rel:etymological_origin_of	eng: kindness
lat: origo	rel:etymological_origin_of	ita: esempio
ita: esempio	rel:etymology	lat: origo
eng: NA	rel:has_derived_form	eng: "quoted"
